message,response,action_json,error
hello,Hello! How can I help you today?,"{""action"": ""Response"", ""parameters"": {}, ""message"": ""Hello! How can I help you today?"", ""confidence"": 0.95}",
show me items on sale,"Sure, I can show you items that are on sale. What kind of items are you looking for?","{""action"": ""SEARCH_PRODUCTS"", ""parameters"": {""on_sale"": true, ""category"": null, ""color"": null, ""min_price"": null, ""max_price"": null, ""search"": null, ""clothing_type"": null, ""size"": null, ""fabric"": null, ""occasion"": null}, ""message"": ""Sure, I can show you items that are on sale. What kind of items are you looking for?"", ""confidence"": 0.9}",
just show me all the items that are on sale.,Here are all the items that are on sale.,"{""action"": ""SEARCH_PRODUCTS"", ""parameters"": {""category"": null, ""color"": null, ""min_price"": null, ""max_price"": null, ""search"": ""on sale"", ""clothing_type"": null, ""size"": null, ""fabric"": null, ""occasion"": null}, ""message"": ""Here are all the items that are on sale."", ""confidence"": 0.95}",
What's on sale?,Here are the items currently on sale!,"{""action"": ""SEARCH_PRODUCTS"", ""parameters"": {""on_sale"": true, ""category"": null, ""color"": null, ""min_price"": null, ""max_price"": null, ""search"": null, ""clothing_type"": null, ""size"": null, ""fabric"": null, ""occasion"": null}, ""message"": ""Here are the items currently on sale!"", ""confidence"": 0.95}",
please add 16723 to my cart,I've added 1 item(s) to your cart.,"{""action"": ""ADD_TO_CART"", ""parameters"": {""product_id"": ""16723"", ""quantity"": 1}, ""message"": ""I've added item 16723 to your cart."", ""confidence"": 0.95}",
What's on sale?,Here are the items currently on sale!,"{""action"": ""SEARCH_PRODUCTS"", ""parameters"": {""on_sale"": true, ""category"": null, ""color"": null, ""min_price"": null, ""max_price"": null, ""search"": null, ""clothing_type"": null, ""size"": null, ""fabric"": null, ""occasion"": null}, ""message"": ""Here are the items currently on sale!"", ""confidence"": 0.95}",
add 16723 to my cart,I've added 1 item(s) to your cart.,"{""action"": ""ADD_TO_CART"", ""parameters"": {""product_id"": ""16723"", ""quantity"": 1}, ""message"": ""I've added item 16723 to your cart."", ""confidence"": 0.95}",
add 2 of product 16726 to my cart,I've added 2 item(s) to your cart.,"{""action"": ""ADD_TO_CART"", ""parameters"": {""product_id"": ""16726"", ""quantity"": 2, ""selected_color"": null, ""selected_size"": null}, ""message"": ""I've added 2 of product 16726 to your cart."", ""confidence"": 0.95}",
add 16747 to my whishlist,Added to your wishlist.,"{""action"": ""ADD_TO_WISHLIST"", ""parameters"": {""product_id"": ""16747""}, ""message"": ""I've added product 16747 to your wishlist."", ""confidence"": 0.95}",
add everything that is in my whishlist into my cart,I can only add items to your cart one by one. Please tell me which items from your wishlist you'd like to add.,"{""action"": ""NONE"", ""parameters"": {}, ""message"": ""I can only add items to your cart one by one. Please tell me which items from your wishlist you'd like to add."", ""confidence"": 0.4}",
add everything that is in my whishlist into my cart,I've added all 3 item(s) from your wishlist to your cart.,"{""action"": ""ADD_WISHLIST_TO_CART"", ""parameters"": {}, ""message"": ""I'll add all items from your wishlist to your cart."", ""confidence"": 1.0}",
now clear my whishlist please,Your cart is now empty.,"{""action"": ""CLEAR_CART"", ""parameters"": {}, ""message"": ""I've cleared your wishlist for you."", ""confidence"": 0.95}",
now clear my whishlist please,Your wishlist is now empty.,"{""action"": ""CLEAR_WISHLIST"", ""parameters"": {}, ""message"": ""I've cleared your wishlist for you."", ""confidence"": 0.95}",
Style advice for an interview,I didn't quite get that. Could you rephrase or tell me what you'd like to do?,"{""action"": ""NONE"", ""parameters"": {}, ""message"": ""I didn't quite get that. Could you rephrase or tell me what you'd like to do?"", ""confidence"": 0.3}",
I want you to give me styling advice for an interview. what do you think i should wear,I didn't quite get that. Could you rephrase or tell me what you'd like to do?,"{""action"": ""NONE"", ""parameters"": {}, ""message"": ""I didn't quite get that. Could you rephrase or tell me what you'd like to do?"", ""confidence"": 0.3}",
Hello,Hello! How can I help you today?,"{""action"": ""Response"", ""parameters"": {}, ""message"": ""Hello! How can I help you today?"", ""confidence"": 0.95}",
Could you help me in styling? I have a job interview tommorow and I do not know what to wear. especially what color.,"Congratulations on the interview! For a job interview, it's generally best to stick with professional and conservative colors. Navy blue, charcoal gray, or black are excellent choices for suits or blazers. For blouses or shirts, opt for white, light blue, or a subtle pastel. These colors convey seriousness and competence. Would you like some specific outfit suggestions?","{""action"": ""Response"", ""parameters"": {}, ""message"": ""Congratulations on the interview! For a job interview, it's generally best to stick with professional and conservative colors. Navy blue, charcoal gray, or black are excellent choices for suits or blazers. For blouses or shirts, opt for white, light blue, or a subtle pastel. These colors convey seriousness and competence. Would you like some specific outfit suggestions?"", ""confidence"": 0.95}",
Do you have any black clothes i could buy?,I can help you find some black clothes for your interview. What type of clothing are you looking for?,"{""action"": ""SEARCH_PRODUCTS"", ""parameters"": {""color"": ""black"", ""category"": null, ""min_price"": null, ""max_price"": null, ""search"": null, ""clothing_type"": null, ""size"": null, ""fabric"": null, ""occasion"": ""interview""}, ""message"": ""I can help you find some black clothes for your interview. What type of clothing are you looking for?"", ""confidence"": 0.9}",
"I want black clothes for women, and I want the price to be less than 70$.",Rate limited — Resource exhausted. Please try again later. Please refer to https://cloud.google.com/vertex-ai/generative-ai/docs/error-code-429 for more details.,"{""action"": ""NONE"", ""parameters"": {}, ""message"": ""Rate limited \u2014 Resource exhausted. Please try again later. Please refer to https://cloud.google.com/vertex-ai/generative-ai/docs/error-code-429 for more details."", ""confidence"": 0.3}",
"I want black clothes for women, and I want the price to be less than 70$.",Searching for black women's clothing under $70.,"{""action"": ""SEARCH_PRODUCTS"", ""parameters"": {""category"": ""women"", ""color"": ""black"", ""max_price"": 70, ""min_price"": null, ""search"": null, ""clothing_type"": null, ""size"": null, ""fabric"": null, ""occasion"": null}, ""message"": ""Searching for black women's clothing under $70."", ""confidence"": 0.95}",
"I want black clothes for women, and I want the price to be less than 70$.",Searching for black clothes for women under $70.,"{""action"": ""SEARCH_PRODUCTS"", ""parameters"": {""category"": ""women"", ""color"": ""black"", ""max_price"": 70, ""search"": ""black clothes""}, ""message"": ""Searching for black clothes for women under $70."", ""confidence"": 1.0}",
Please only show me the pants with these atributes,Here are the black pants for women under $70.,"{""action"": ""SEARCH_PRODUCTS"", ""parameters"": {""category"": ""women"", ""color"": ""black"", ""max_price"": 70, ""clothing_type"": ""pants""}, ""message"": ""Here are the black pants for women under $70."", ""confidence"": 0.95}",
show me the ones that are made of lethear,"Sure, I'm showing you black leather pants for women under $70.","{""action"": ""SEARCH_PRODUCTS"", ""parameters"": {""color"": ""black"", ""max_price"": 70, ""category"": ""women"", ""clothing_type"": ""pants"", ""fabric"": ""leather""}, ""message"": ""Sure, I'm showing you black leather pants for women under $70."", ""confidence"": 0.95}",
show me the ones that are made of lethear,Here are the black leather pants for women under $70.,"{""action"": ""SEARCH_PRODUCTS"", ""parameters"": {""color"": ""black"", ""max_price"": 70, ""category"": ""women"", ""clothing_type"": ""pants"", ""fabric"": ""leather""}, ""message"": ""Here are the black leather pants for women under $70."", ""confidence"": 0.95}",
Please only show me the pants with these atributes,Here are the leather pants.,"{""action"": ""SEARCH_PRODUCTS"", ""parameters"": {""clothing_type"": ""pants"", ""fabric"": ""leather"", ""category"": null, ""color"": null, ""min_price"": null, ""max_price"": null, ""search"": null, ""size"": null, ""occasion"": null}, ""message"": ""Here are the leather pants."", ""confidence"": 0.95}",
What's on sale?,Here are the items currently on sale!,"{""action"": ""SEARCH_PRODUCTS"", ""parameters"": {""on_sale"": true, ""category"": null, ""color"": null, ""min_price"": null, ""max_price"": null, ""search"": null, ""clothing_type"": null, ""size"": null, ""fabric"": null, ""occasion"": null}, ""message"": ""Here are the items currently on sale!"", ""confidence"": 0.95}",
Is any of these products on sale blue? show me that one,Rate limited — Resource exhausted. Please try again later. Please refer to https://cloud.google.com/vertex-ai/generative-ai/docs/error-code-429 for more details.,"{""action"": ""NONE"", ""parameters"": {}, ""message"": ""Rate limited \u2014 Resource exhausted. Please try again later. Please refer to https://cloud.google.com/vertex-ai/generative-ai/docs/error-code-429 for more details."", ""confidence"": 0.3}",
Is any of these products on sale blue? show me that one,"Sure, I can help you find blue items that are on sale.","{""action"": ""SEARCH_PRODUCTS"", ""parameters"": {""color"": ""blue"", ""on_sale"": true, ""category"": null, ""min_price"": null, ""max_price"": null, ""search"": null, ""clothing_type"": null, ""size"": null, ""fabric"": null, ""occasion"": null}, ""message"": ""Sure, I can help you find blue items that are on sale."", ""confidence"": 0.95}",
do it,Rate limited — Resource exhausted. Please try again later. Please refer to https://cloud.google.com/vertex-ai/generative-ai/docs/error-code-429 for more details.,"{""action"": ""NONE"", ""parameters"": {}, ""message"": ""Rate limited \u2014 Resource exhausted. Please try again later. Please refer to https://cloud.google.com/vertex-ai/generative-ai/docs/error-code-429 for more details."", ""confidence"": 0.3}",
help me find blue items that are on sale.,"Sure, I can help you find blue items that are on sale.","{""action"": ""SEARCH_PRODUCTS"", ""parameters"": {""color"": ""blue"", ""on_sale"": true, ""category"": null, ""min_price"": null, ""max_price"": null, ""search"": null, ""clothing_type"": null, ""size"": null, ""fabric"": null, ""occasion"": null}, ""message"": ""Sure, I can help you find blue items that are on sale."", ""confidence"": 0.95}",
What's on sale?,Here are the items currently on sale!,"{""action"": ""SEARCH_PRODUCTS"", ""parameters"": {""on_sale"": true, ""category"": null, ""color"": null, ""min_price"": null, ""max_price"": null, ""search"": null, ""clothing_type"": null, ""size"": null, ""fabric"": null, ""occasion"": null}, ""message"": ""Here are the items currently on sale!"", ""confidence"": 0.95}",
show me the ones that are also blue,Here are the blue items that are on sale.,"{""action"": ""SEARCH_PRODUCTS"", ""parameters"": {""on_sale"": true, ""color"": ""blue"", ""category"": null, ""min_price"": null, ""max_price"": null, ""search"": null, ""clothing_type"": null, ""size"": null, ""fabric"": null, ""occasion"": null}, ""message"": ""Here are the blue items that are on sale."", ""confidence"": 0.95}",
What's on sale?,Here are the items currently on sale!,"{""action"": ""SEARCH_PRODUCTS"", ""parameters"": {""on_sale"": true, ""category"": null, ""color"": null, ""min_price"": null, ""max_price"": null, ""search"": null, ""clothing_type"": null, ""size"": null, ""fabric"": null, ""occasion"": null}, ""message"": ""Here are the items currently on sale!"", ""confidence"": 0.95}",
show me the ones that are also blue,"Okay, I'm showing you blue items that are on sale.","{""action"": ""SEARCH_PRODUCTS"", ""parameters"": {""on_sale"": true, ""color"": ""blue"", ""category"": null, ""min_price"": null, ""max_price"": null, ""search"": null, ""clothing_type"": null, ""size"": null, ""fabric"": null, ""occasion"": null}, ""message"": ""Okay, I'm showing you blue items that are on sale."", ""confidence"": 0.95}",
What's on sale?,Here are the items currently on sale!,"{""action"": ""SEARCH_PRODUCTS"", ""parameters"": {""on_sale"": true, ""category"": null, ""color"": null, ""min_price"": null, ""max_price"": null, ""search"": null, ""clothing_type"": null, ""size"": null, ""fabric"": null, ""occasion"": null}, ""message"": ""Here are the items currently on sale!"", ""confidence"": 0.95}",
only show me the ones that are also blue,"Okay, I'm showing you blue items that are on sale.","{""action"": ""SEARCH_PRODUCTS"", ""parameters"": {""on_sale"": true, ""color"": ""blue"", ""category"": null, ""min_price"": null, ""max_price"": null, ""search"": null, ""clothing_type"": null, ""size"": null, ""fabric"": null, ""occasion"": null}, ""message"": ""Okay, I'm showing you blue items that are on sale."", ""confidence"": 0.95}",
do you have any blue clothes that are on sale? show them to me,"Sure, I can help you find blue clothes that are on sale. Here they are:","{""action"": ""SEARCH_PRODUCTS"", ""parameters"": {""color"": ""blue"", ""on_sale"": true, ""category"": null, ""min_price"": null, ""max_price"": null, ""search"": null, ""clothing_type"": null, ""size"": null, ""fabric"": null, ""occasion"": null}, ""message"": ""Sure, I can help you find blue clothes that are on sale. Here they are:"", ""confidence"": 0.95}",
do you have any blue clothes that are on sale? show them to me,"Sure, I can help you find blue clothes that are on sale. Here they are:","{""action"": ""SEARCH_PRODUCTS"", ""parameters"": {""color"": ""blue"", ""on_sale"": true, ""category"": null, ""min_price"": null, ""max_price"": null, ""search"": null, ""clothing_type"": null, ""size"": null, ""fabric"": null, ""occasion"": null}, ""message"": ""Sure, I can help you find blue clothes that are on sale. Here they are:"", ""confidence"": 0.95}",
do you have any blue clothes that are on sale? show them to me,Here are the blue clothes that are on sale.,"{""action"": ""SEARCH_PRODUCTS"", ""parameters"": {""color"": ""blue"", ""on_sale"": true, ""category"": null, ""min_price"": null, ""max_price"": null, ""search"": null, ""clothing_type"": null, ""size"": null, ""fabric"": null, ""occasion"": null}, ""message"": ""Here are the blue clothes that are on sale."", ""confidence"": 0.95}",
show me black clothes,"Sure, I can help you find black clothes. Do you have any other preferences like size, style, or price range?","{""action"": ""SEARCH_PRODUCTS"", ""parameters"": {""color"": ""black"", ""min_price"": null, ""max_price"": null, ""category"": null, ""clothing_type"": null, ""search"": null, ""size"": null, ""fabric"": null, ""occasion"": null, ""on_sale"": null}, ""message"": ""Sure, I can help you find black clothes. Do you have any other preferences like size, style, or price range?"", ""confidence"": 0.9}",
show me clothes for women,Here are black clothes for women.,"{""action"": ""SEARCH_PRODUCTS"", ""parameters"": {""color"": ""black"", ""category"": ""women"", ""clothing_type"": null, ""fabric"": null, ""occasion"": null, ""size"": null, ""min_price"": null, ""max_price"": null, ""search"": null}, ""message"": ""Here are black clothes for women."", ""confidence"": 0.95}",
only T shirts,"Sure, I can help you find blue t-shirts for women that are on sale. Let me see what I can find!","{""action"": ""SEARCH_PRODUCTS"", ""parameters"": {""category"": ""women"", ""color"": ""black"", ""clothing_type"": ""t-shirt"", ""on_sale"": true}, ""message"": ""Sure, I can help you find blue t-shirts for women that are on sale. Let me see what I can find!"", ""confidence"": 0.95}",
add the item that you found to my cart,Rate limited — Resource exhausted. Please try again later. Please refer to https://cloud.google.com/vertex-ai/generative-ai/docs/error-code-429 for more details.,"{""action"": ""NONE"", ""parameters"": {}, ""message"": ""Rate limited \u2014 Resource exhausted. Please try again later. Please refer to https://cloud.google.com/vertex-ai/generative-ai/docs/error-code-429 for more details."", ""confidence"": 0.3}",
add the item that you found to my cart,Rate limited — Resource exhausted. Please try again later. Please refer to https://cloud.google.com/vertex-ai/generative-ai/docs/error-code-429 for more details.,"{""action"": ""NONE"", ""parameters"": {}, ""message"": ""Rate limited \u2014 Resource exhausted. Please try again later. Please refer to https://cloud.google.com/vertex-ai/generative-ai/docs/error-code-429 for more details."", ""confidence"": 0.3}",
show me my cart,Rate limited — Resource exhausted. Please try again later. Please refer to https://cloud.google.com/vertex-ai/generative-ai/docs/error-code-429 for more details.,"{""action"": ""NONE"", ""parameters"": {}, ""message"": ""Rate limited \u2014 Resource exhausted. Please try again later. Please refer to https://cloud.google.com/vertex-ai/generative-ai/docs/error-code-429 for more details."", ""confidence"": 0.3}",
show me my cart,"Sure, I can show you your cart.","{""action"": ""VIEW_CART"", ""parameters"": {}, ""message"": ""Sure, I can show you your cart."", ""confidence"": 0.95}",
clear my cart,Taking you to your cart.,"{""action"": ""VIEW_CART"", ""parameters"": {}, ""message"": ""Rate limited \u2014 Resource exhausted. Please try again later. Please refer to https://cloud.google.com/vertex-ai/generative-ai/docs/error-code-429 for more details."", ""confidence"": 0.3}",
clear my cart,Your cart is now empty.,"{""action"": ""CLEAR_CART"", ""parameters"": {}, ""message"": ""Rate limited \u2014 Resource exhausted. Please try again later. Please refer to https://cloud.google.com/vertex-ai/generative-ai/docs/error-code-429 for more details."", ""confidence"": 0.3}",
show me blue shirts for women,"Sure, I can help you find blue shirts for women.","{""action"": ""SEARCH_PRODUCTS"", ""parameters"": {""category"": ""women"", ""color"": ""blue"", ""clothing_type"": ""shirt"", ""min_price"": null, ""max_price"": null, ""search"": null, ""size"": null, ""fabric"": null, ""occasion"": null}, ""message"": ""Sure, I can help you find blue shirts for women."", ""confidence"": 0.95}",
show me blue clothes for women,"Sure, I can help you find blue clothes for women.","{""action"": ""SEARCH_PRODUCTS"", ""parameters"": {""color"": ""blue"", ""category"": ""women"", ""clothing_type"": null, ""fabric"": null, ""max_price"": null, ""min_price"": null, ""occasion"": null, ""search"": null, ""size"": null}, ""message"": ""Sure, I can help you find blue clothes for women."", ""confidence"": 0.95}",
show me blue clothes for women,Here are some blue clothes for women.,"{""action"": ""SEARCH_PRODUCTS"", ""parameters"": {""color"": ""blue"", ""category"": ""women"", ""clothing_type"": null, ""fabric"": null, ""max_price"": null, ""min_price"": null, ""occasion"": null, ""search"": null, ""size"": null}, ""message"": ""Here are some blue clothes for women."", ""confidence"": 0.95}",
show me the ones on sale,Rate limited — Resource exhausted. Please try again later. Please refer to https://cloud.google.com/vertex-ai/generative-ai/docs/error-code-429 for more details.,"{""action"": ""NONE"", ""parameters"": {}, ""message"": ""Rate limited \u2014 Resource exhausted. Please try again later. Please refer to https://cloud.google.com/vertex-ai/generative-ai/docs/error-code-429 for more details."", ""confidence"": 0.3}",
show me the ones on sale,Showing you blue women's clothing that is on sale.,"{""action"": ""SEARCH_PRODUCTS"", ""parameters"": {""category"": ""women"", ""color"": ""blue"", ""on_sale"": true, ""min_price"": null, ""max_price"": null, ""search"": null, ""clothing_type"": null, ""size"": null, ""fabric"": null, ""occasion"": null}, ""message"": ""Showing you blue women's clothing that is on sale."", ""confidence"": 0.95}",
show me blue items on sale,"Sure, I can help you find blue items on sale.","{""action"": ""SEARCH_PRODUCTS"", ""parameters"": {""color"": ""blue"", ""on_sale"": true, ""category"": null, ""min_price"": null, ""max_price"": null, ""search"": null, ""clothing_type"": null, ""size"": null, ""fabric"": null, ""occasion"": null}, ""message"": ""Sure, I can help you find blue items on sale."", ""confidence"": 0.95}",
show me blue items that are on sale,"Sure, I can help you find blue items that are on sale.","{""action"": ""SEARCH_PRODUCTS"", ""parameters"": {""color"": ""blue"", ""on_sale"": true, ""category"": null, ""min_price"": null, ""max_price"": null, ""search"": null, ""clothing_type"": null, ""size"": null, ""fabric"": null, ""occasion"": null}, ""message"": ""Sure, I can help you find blue items that are on sale."", ""confidence"": 0.95}",
show them to me,Here are the blue items that are on sale.,"{""action"": ""SEARCH_PRODUCTS"", ""parameters"": {""color"": ""blue"", ""on_sale"": true, ""category"": null, ""min_price"": null, ""max_price"": null, ""search"": null, ""clothing_type"": null, ""size"": null, ""fabric"": null, ""occasion"": null}, ""message"": ""Here are the blue items that are on sale."", ""confidence"": 0.95}",
show me blue items,"Sure, I can show you blue items. What category are you interested in?","{""action"": ""SEARCH_PRODUCTS"", ""parameters"": {""color"": ""blue"", ""category"": null, ""min_price"": null, ""max_price"": null, ""search"": null, ""clothing_type"": null, ""size"": null, ""fabric"": null, ""occasion"": null}, ""message"": ""Sure, I can show you blue items. What category are you interested in?"", ""confidence"": 0.9}",
women,Here are some blue items for women.,"{""action"": ""SEARCH_PRODUCTS"", ""parameters"": {""category"": ""women"", ""color"": ""blue"", ""min_price"": null, ""max_price"": null, ""search"": null, ""clothing_type"": null, ""size"": null, ""fabric"": null, ""occasion"": null}, ""message"": ""Here are some blue items for women."", ""confidence"": 0.95}",
What's on sale?,Here are the items currently on sale!,"{""action"": ""SEARCH_PRODUCTS"", ""parameters"": {""on_sale"": true, ""category"": null, ""color"": null, ""min_price"": null, ""max_price"": null, ""search"": null, ""clothing_type"": null, ""size"": null, ""fabric"": null, ""occasion"": null}, ""message"": ""Here are the items currently on sale!"", ""confidence"": 0.95}",
what sizes does  Sheer Floral Daisy Button-Up Blouse have?,I can help you find the sizes for the Sheer Floral Daisy Button-Up Blouse. What sizes are you interested in?,"{""action"": ""SEARCH_PRODUCTS"", ""parameters"": {""search"": ""Sheer Floral Daisy Button-Up Blouse"", ""category"": null, ""color"": null, ""min_price"": null, ""max_price"": null, ""clothing_type"": null, ""size"": null, ""fabric"": null, ""occasion"": null, ""on_sale"": null}, ""message"": ""I can help you find the sizes for the Sheer Floral Daisy Button-Up Blouse. What sizes are you interested in?"", ""confidence"": 0.9}",
Hello,Hello! How can I help you today?,"{""action"": ""Response"", ""parameters"": {}, ""message"": ""Hello! How can I help you today?"", ""confidence"": 0.95}",
Do you have blue shirts for women?,Looking for blue shirts for women.,"{""action"": ""SEARCH_PRODUCTS"", ""parameters"": {""category"": ""women"", ""color"": ""blue"", ""clothing_type"": ""shirt""}, ""message"": ""Looking for blue shirts for women."", ""confidence"": 0.95}",
Do you have blue shirts for women,Searching for blue shirts for women.,"{""action"": ""SEARCH_PRODUCTS"", ""parameters"": {""category"": ""women"", ""color"": ""blue"", ""clothing_type"": ""shirt""}, ""message"": ""Searching for blue shirts for women."", ""confidence"": 0.95}",
how many of blue long sleeve shirt is available in stock?,Searching for blue long sleeve shirts for women.,"{""action"": ""SEARCH_PRODUCTS"", ""parameters"": {""category"": ""women"", ""clothing_type"": ""shirt"", ""color"": ""blue"", ""search"": ""long sleeve shirt""}, ""message"": ""Searching for blue long sleeve shirts for women."", ""confidence"": 0.95}",
how many of 16720 do you have available,Checking stock for product ID 16720.,"{""action"": ""Response"", ""parameters"": {""product_id"": ""16720"", ""attribute_type"": ""stock""}, ""message"": ""Checking stock for product ID 16720."", ""confidence"": 0.95}",
how many of 16720 do you have available,We have 57 of Brown High-Waisted Pleated Trousers with Button Flap (product #16720) in stock.,"{""action"": ""Response"", ""parameters"": {""product_id"": ""16720"", ""attribute_type"": ""stock""}, ""message"": ""Checking stock for product 16720."", ""confidence"": 0.95}",
what sizes is Brown High-Waisted Pleated Trousers with Button Flap available in,"For **Brown High-Waisted Pleated Trousers with Button Flap** (Product #16720):

**Sizes:** 26, 28, 30, 32","{""action"": ""SEARCH_PRODUCTS"", ""parameters"": {""search"": ""Brown High-Waisted Pleated Trousers with Button Flap"", ""attribute_type"": ""sizes""}, ""message"": ""Looking up the sizes for Brown High-Waisted Pleated Trousers with Button Flap."", ""confidence"": 0.95}",
add it to my whishlist,I can add items to your wishlist. Which item would you like to add?,"{""action"": ""NONE"", ""parameters"": {}, ""message"": ""I can add items to your wishlist. Which item would you like to add?"", ""confidence"": 0.5}",
16720,Let me check the stock for product ID 16720.,"{""action"": ""Response"", ""parameters"": {""product_id"": ""16720"", ""attribute_type"": ""stock""}, ""message"": ""Let me check the stock for product ID 16720."", ""confidence"": 0.95}",
add 16720 to my whishlist,Added to your wishlist.,"{""action"": ""ADD_TO_WISHLIST"", ""parameters"": {""product_id"": ""16720""}, ""message"": ""Adding item 16720 to your wishlist."", ""confidence"": 0.95}",
hello i wanna go home,Welcome home! What can I help you find today?,"{""action"": ""VIEW_HOME"", ""parameters"": {}, ""message"": ""Welcome home! What can I help you find today?"", ""confidence"": 0.95}",
i need some brown classsic shirts,"Sure, I can help you find some classic brown shirts.","{""action"": ""SEARCH_PRODUCTS"", ""parameters"": {""color"": ""brown"", ""clothing_type"": ""shirt"", ""search"": ""classic shirts""}, ""message"": ""Sure, I can help you find some classic brown shirts."", ""confidence"": 0.9}",
can you show me some,Here are some classic brown shirts for you.,"{""action"": ""SEARCH_PRODUCTS"", ""parameters"": {""clothing_type"": ""shirt"", ""color"": ""brown"", ""search"": ""classic shirts""}, ""message"": ""Here are some classic brown shirts for you."", ""confidence"": 0.95}",
show me then,Here are some classic brown shirts for you.,"{""action"": ""SEARCH_PRODUCTS"", ""parameters"": {""clothing_type"": ""shirt"", ""color"": ""brown"", ""search"": ""classic shirts""}, ""message"": ""Here are some classic brown shirts for you."", ""confidence"": 0.95}",
i hate you,I'm sorry to hear that. Is there anything I can help you with regarding our products or services?,"{""action"": ""Response"", ""parameters"": {}, ""message"": ""I'm sorry to hear that. Is there anything I can help you with regarding our products or services?"", ""confidence"": 0.95}",
